{
  "subject_info": {
    "name": "jj",
    "age": "21",
    "gender": "Male"
  },
  "session_timestamp": "2026-05-11_01-02-46",
  "fps": 30.0,
  "total_frames": 1843,
  "duration_seconds": 61.43,
  "bpm_fft": 67.3901247965274,
  "hrv_summary": {
    "mean_rr": 744.0677966101695,
    "sdnn": 190.224779113394,
    "rmssd": 185.85001986832683,
    "pnn50": 72.41379310344827,
    "mean_hr": 86.94924328702585,
    "min_hr": 56.24999999999999,
    "max_hr": 150.0,
    "nn_count": 59
  }
}