{
  "subject_info": {
    "name": "",
    "age": "",
    "gender": ""
  },
  "session_timestamp": "2026-05-11_00-40-44",
  "fps": 29.501318217054965,
  "total_frames": 907,
  "duration_seconds": 30.74,
  "bpm_fft": 74.1598737981095,
  "hrv_summary": {
    "mean_rr": 622.0061037608722,
    "sdnn": 142.66143061678568,
    "rmssd": 158.60922486574648,
    "pnn50": 68.42105263157895,
    "mean_hr": 102.2854268452563,
    "min_hr": 68.07996511628068,
    "max_hr": 177.00790930232978,
    "nn_count": 20
  }
}