{
  "subject_info": {
    "name": "jv",
    "age": "21",
    "gender": "Male"
  },
  "session_timestamp": "2026-05-11_00-19-38",
  "fps": 30.0,
  "total_frames": 1843,
  "duration_seconds": 61.43,
  "bpm_fft": 67.3901247965274,
  "hrv_summary": {
    "mean_rr": 740.1129943502825,
    "sdnn": 185.8788445911739,
    "rmssd": 176.0572877854691,
    "pnn50": 74.13793103448276,
    "mean_hr": 87.1067868928453,
    "min_hr": 56.24999999999999,
    "max_hr": 150.0,
    "nn_count": 59
  }
}